time,open,high,low,close,vwap,volume,count
2026-07-14 01:00:00,62477.6,62564.0,62387.5,62462.1,62455.7,26.49559605,1877
2026-07-14 02:00:00,62462.1,62550.0,62260.0,62475.3,62424.1,29.0698041,1875
2026-07-14 03:00:00,62475.3,62523.1,62239.9,62504.5,62416.2,25.79215048,1482
2026-07-14 04:00:00,62504.6,62688.7,62473.7,62680.1,62582.3,24.69821039,1359
2026-07-14 05:00:00,62680.1,62800.0,62630.1,62639.9,62724.0,57.54653264,1419
2026-07-14 06:00:00,62640.0,62699.5,62503.7,62542.0,62597.0,17.14761045,1444
2026-07-14 07:00:00,62542.1,62574.6,62402.0,62471.4,62499.3,41.16436559,1405
2026-07-14 08:00:00,62471.4,62700.0,62418.5,62625.9,62507.0,28.94783538,1018
2026-07-14 09:00:00,62626.0,62670.1,62459.9,62549.0,62511.8,25.86657251,1089
2026-07-14 10:00:00,62549.1,62833.8,62537.5,62733.2,62706.9,29.69371982,1322
2026-07-14 11:00:00,62733.2,62847.3,62644.0,62774.8,62754.6,14.84423343,1229
2026-07-14 12:00:00,62774.8,63897.8,62709.3,63879.6,63384.1,336.49790092,5132
2026-07-14 13:00:00,63879.7,64095.5,63626.2,63785.7,63843.6,213.63240318,3834
2026-07-14 14:00:00,63785.7,64257.2,63542.1,64244.0,63887.5,160.5689285,3337
2026-07-14 15:00:00,64243.9,64881.2,64142.7,64668.5,64539.8,381.77356999,5788
2026-07-14 16:00:00,64678.0,64840.9,64563.8,64687.6,64725.4,159.42760303,3060
2026-07-14 17:00:00,64687.7,64687.7,64251.3,64581.1,64495.8,197.93411852,2900
2026-07-14 18:00:00,64585.8,64590.9,64438.9,64529.4,64513.1,41.57819862,1677
2026-07-14 19:00:00,64531.6,64645.5,64431.4,64515.7,64526.2,84.86423149,1972
2026-07-14 20:00:00,64515.7,64540.9,64390.9,64530.3,64451.9,77.3653469,1915
2026-07-14 21:00:00,64530.3,64858.5,64477.0,64620.0,64684.9,98.59521164,1642
2026-07-14 22:00:00,64620.0,65056.3,64484.4,64818.7,64732.0,328.50259447,3504
2026-07-14 23:00:00,64818.7,64983.6,64731.5,64977.2,64878.3,45.46489703,1763
2026-07-15 00:00:00,64983.5,65001.3,64732.1,64790.1,64853.8,31.01450421,2062
2026-07-15 01:00:00,64790.1,64798.0,64605.1,64624.2,64686.0,20.42841513,1682
2026-07-15 02:00:00,64624.2,64703.3,64433.3,64453.6,64498.1,43.10943407,1809
2026-07-15 03:00:00,64453.6,64777.0,64453.5,64741.2,64598.0,42.11987336,1709
2026-07-15 04:00:00,64738.3,64822.5,64671.3,64690.9,64740.7,49.39482824,1461
2026-07-15 05:00:00,64691.0,64888.0,64555.4,64883.4,64756.6,30.41731053,1270
2026-07-15 06:00:00,64883.4,65210.2,64790.9,64791.0,65017.1,94.65202094,2032
2026-07-15 07:00:00,64791.0,64830.8,64456.6,64506.9,64610.2,44.30272386,1788
2026-07-15 08:00:00,64506.9,64727.5,64506.9,64719.6,64595.1,31.90291309,1425
2026-07-15 09:00:00,64719.6,64860.7,64602.1,64603.6,64759.8,31.02428986,1210
2026-07-15 10:00:00,64603.6,64781.7,64579.3,64611.6,64686.5,14.77870579,1098
2026-07-15 11:00:00,64611.6,64690.9,64578.1,64690.8,64646.0,14.08731095,1162
2026-07-15 12:00:00,64690.9,65189.1,64560.0,65109.8,64786.5,136.58533051,3377
2026-07-15 13:00:00,65109.8,65495.0,64812.0,65040.7,65221.5,300.07456417,5737
2026-07-15 14:00:00,65040.7,65445.9,65016.3,65335.2,65284.3,98.70524712,3696
2026-07-15 15:00:00,65335.2,65513.8,65221.4,65369.4,65402.7,102.31859636,3184
2026-07-15 16:00:00,65369.4,65394.4,64737.3,65055.0,65030.9,219.93057457,4139
2026-07-15 17:00:00,65055.0,65134.3,64912.3,65009.2,65002.7,84.15718905,3113
2026-07-15 18:00:00,65009.2,65086.2,64787.1,64805.0,64925.8,107.00569074,2250
2026-07-15 19:00:00,64805.6,64959.3,64705.9,64926.0,64850.0,101.88685432,2029
2026-07-15 20:00:00,64926.0,65001.0,64877.2,64937.0,64940.9,17.74992476,1598
2026-07-15 21:00:00,64937.1,64972.6,64755.7,64787.8,64819.8,35.64223027,1771
2026-07-15 22:00:00,64787.9,64914.5,64755.6,64826.0,64857.5,48.09986404,1913
2026-07-15 23:00:00,64826.0,64897.3,64667.0,64709.4,64744.4,84.50885693,2045
2026-07-16 00:00:00,64709.4,64799.4,64440.9,64545.2,64574.0,109.197053,2713
2026-07-16 01:00:00,64545.2,64770.9,64358.9,64688.5,64508.1,55.9705448,2129
2026-07-16 02:00:00,64688.5,64689.5,64535.9,64597.2,64585.9,7.5747295,1564
2026-07-16 03:00:00,64597.2,64692.2,64515.4,64563.5,64625.7,22.63683351,1262
2026-07-16 04:00:00,64563.5,64641.4,64491.9,64569.2,64550.0,18.38399989,1184
2026-07-16 05:00:00,64569.3,64939.3,64554.0,64869.8,64754.8,23.2246234,1420
2026-07-16 06:00:00,64869.8,64914.1,64594.0,64715.4,64805.6,45.82690545,1254
2026-07-16 07:00:00,64715.4,64715.4,64050.8,64190.0,64203.5,117.18097051,2318
2026-07-16 08:00:00,64190.0,64293.0,63850.0,64075.0,64046.9,125.66088653,2541
2026-07-16 09:00:00,64075.0,64119.4,63974.1,64032.1,64039.5,64.47914599,1318
2026-07-16 10:00:00,64032.1,64210.7,64032.0,64167.9,64085.3,30.02924363,1039
2026-07-16 11:00:00,64168.0,64220.1,64050.3,64204.9,64140.1,21.76759293,1381
2026-07-16 12:00:00,64204.9,64204.9,63814.0,63910.0,63962.2,145.37845242,2334
2026-07-16 13:00:00,63910.1,64403.8,63910.1,64314.3,64183.9,175.70953153,2920
2026-07-16 14:00:00,64314.3,64796.0,64266.9,64480.6,64594.6,111.69665005,3327
2026-07-16 15:00:00,64480.7,64830.3,64259.2,64656.4,64586.2,50.997291,2956
2026-07-16 16:00:00,64655.4,64667.0,64303.4,64438.5,64433.8,41.18918753,2593
2026-07-16 17:00:00,64438.4,64438.4,63957.2,64030.7,64134.3,98.39917719,2791
2026-07-16 18:00:00,64030.8,64268.7,64008.1,64223.5,64117.9,77.19267086,2278
2026-07-16 19:00:00,64211.7,64237.5,64106.8,64215.9,64186.1,40.96985384,1774
2026-07-16 20:00:00,64216.0,64228.0,64061.9,64096.1,64112.9,73.47228653,1743
2026-07-16 21:00:00,64087.1,64188.8,64051.4,64097.6,64125.8,44.84932944,1474
2026-07-16 22:00:00,64097.6,64188.7,63903.9,63915.1,64055.4,35.8197994,1879
2026-07-16 23:00:00,63915.2,63965.2,63705.1,63789.5,63805.6,93.22380684,2318
2026-07-17 00:00:00,63789.6,63860.8,63576.2,63835.2,63720.9,100.46195797,2516
2026-07-17 01:00:00,63835.2,64007.5,63420.7,63495.0,63632.2,105.15253318,2773
2026-07-17 02:00:00,63495.1,63600.0,63353.9,63425.0,63474.1,29.41603215,2334
2026-07-17 03:00:00,63425.0,63648.7,63425.0,63511.4,63575.6,14.29431062,1377
2026-07-17 04:00:00,63511.4,63511.4,63250.0,63416.0,63372.3,13.08275106,1692
2026-07-17 05:00:00,63416.1,63416.1,62755.0,62794.3,62985.8,149.60761046,3172
2026-07-17 06:00:00,62792.1,62925.6,62660.0,62884.8,62768.2,62.80724248,2101
2026-07-17 07:00:00,62884.9,62929.9,62761.3,62777.9,62829.3,35.74161477,1383
2026-07-17 08:00:00,62777.9,62856.3,62625.0,62844.1,62694.0,40.87218928,1709
2026-07-17 09:00:00,62844.1,62999.2,62809.7,62931.3,62904.3,31.7716445,1246
2026-07-17 10:00:00,62931.3,63129.6,62931.2,63125.5,63040.0,38.18258211,1347
2026-07-17 11:00:00,63125.5,63327.1,63008.4,63238.0,63216.5,100.3149229,1770
2026-07-17 12:00:00,63240.5,63281.8,63027.6,63035.7,63113.9,38.07592297,1714
2026-07-17 13:00:00,63035.8,63097.2,62490.0,63071.8,62783.5,126.21002913,3998
2026-07-17 14:00:00,63072.8,63444.0,63031.5,63130.6,63221.3,118.80485031,4032
2026-07-17 15:00:00,63123.2,63400.0,62818.1,63400.0,62995.6,95.78533573,3207
2026-07-17 16:00:00,63400.0,63663.1,63258.7,63552.8,63452.9,97.22622221,3380
2026-07-17 17:00:00,63552.8,64172.5,63552.7,64007.7,63951.1,114.69288718,3704
2026-07-17 18:00:00,64007.7,64334.3,63849.5,64217.4,64072.5,102.86237642,2996
2026-07-17 19:00:00,64217.4,64217.6,63950.0,64102.0,64079.6,53.22196286,2331
2026-07-17 20:00:00,64102.0,64148.8,63899.7,64073.0,63942.4,110.6651103,2229
2026-07-17 21:00:00,64073.0,64169.5,64021.7,64051.9,64086.8,19.6346764,1654
2026-07-17 22:00:00,64044.6,64098.5,63883.6,63929.3,63956.3,70.32117148,1555
2026-07-17 23:00:00,63929.3,63959.0,63842.2,63907.0,63923.8,27.3851674,1213
2026-07-18 00:00:00,63907.0,63968.6,63847.8,63856.9,63886.5,71.28953202,1474
2026-07-18 01:00:00,63857.0,63965.1,63844.7,63917.7,63921.4,11.32856244,1004
2026-07-18 02:00:00,63917.8,63972.0,63890.0,63914.1,63928.8,11.78626818,1279
2026-07-18 03:00:00,63914.2,63973.8,63900.0,63972.6,63918.7,22.16431533,948
2026-07-18 04:00:00,63972.7,63980.9,63900.0,63923.0,63937.7,7.3815278,990
2026-07-18 05:00:00,63923.1,63955.1,63900.0,63913.7,63936.5,14.21901672,796
2026-07-18 06:00:00,63913.8,63978.5,63909.1,63925.0,63956.7,20.44862135,803
2026-07-18 07:00:00,63925.0,63980.7,63924.9,63975.7,63971.8,13.54362261,653
2026-07-18 08:00:00,63975.7,63980.8,63934.3,63953.3,63950.7,8.19610995,743
2026-07-18 09:00:00,63953.4,63956.4,63900.2,63945.0,63927.6,10.14614376,679
2026-07-18 10:00:00,63945.1,63967.3,63944.2,63964.8,63955.3,8.99268327,767
2026-07-18 11:00:00,63964.7,64038.3,63964.6,64018.9,63988.6,5.92668922,721
2026-07-18 12:00:00,64018.9,64200.0,64018.9,64167.0,64113.4,65.16172927,1585
2026-07-18 13:00:00,64167.0,64167.0,63932.7,64058.2,64004.3,32.64689344,1661
2026-07-18 14:00:00,64058.2,64151.4,64058.2,64084.5,64118.9,21.69465616,1256
2026-07-18 15:00:00,64084.5,64114.7,64002.8,64072.9,64051.3,18.68391561,1594
2026-07-18 16:00:00,64073.0,64263.7,64043.3,64244.7,64153.5,36.94750034,1632
2026-07-18 17:00:00,64244.7,64447.5,64244.0,64447.5,64321.2,72.60073248,1941
2026-07-18 18:00:00,64447.5,64600.0,64424.3,64474.7,64484.2,80.02657106,2098
2026-07-18 19:00:00,64474.7,64554.8,64436.2,64528.2,64502.2,25.8001557,1569
2026-07-18 20:00:00,64528.2,64693.7,64474.4,64658.0,64601.3,69.10358005,1873
2026-07-18 21:00:00,64656.8,64800.0,64578.0,64690.6,64702.8,40.07023273,1847
2026-07-18 22:00:00,64689.5,64806.8,64666.5,64778.9,64743.5,17.55763997,1440
2026-07-18 23:00:00,64778.9,64796.7,64663.8,64796.7,64751.6,18.98032444,1195
2026-07-19 00:00:00,64796.7,64844.0,64702.4,64729.2,64742.9,37.55499241,1250
2026-07-19 01:00:00,64729.3,64748.1,64709.3,64730.9,64729.5,44.5591151,1104
2026-07-19 02:00:00,64730.1,64928.0,64647.1,64783.7,64813.1,14.10081928,1492
2026-07-19 03:00:00,64781.3,64781.3,64596.7,64657.5,64628.0,58.14332187,1268
2026-07-19 04:00:00,64657.6,64762.1,64584.3,64676.0,64683.7,18.77898496,978
2026-07-19 05:00:00,64676.0,64760.9,64636.2,64693.2,64713.1,28.48266507,858
2026-07-19 06:00:00,64693.2,64705.4,64655.9,64667.6,64684.0,14.26906891,922
2026-07-19 07:00:00,64667.6,64732.5,64641.6,64655.3,64677.0,9.91450008,775
2026-07-19 08:00:00,64658.9,64690.1,64586.2,64653.9,64624.8,19.56308306,932
2026-07-19 09:00:00,64653.9,64674.5,64450.0,64465.1,64509.1,51.66277516,1361
2026-07-19 10:00:00,64465.1,64646.7,64450.0,64541.2,64586.6,20.1734813,1061
2026-07-19 11:00:00,64541.3,64585.3,64379.5,64418.7,64441.0,23.77204803,1076
2026-07-19 12:00:00,64418.8,64419.4,64257.7,64386.5,64330.1,37.47702114,1469
2026-07-19 13:00:00,64386.5,64471.2,64256.0,64433.1,64338.0,30.10596625,1358
2026-07-19 14:00:00,64433.2,64600.0,64383.3,64549.6,64491.4,23.45109289,1494
2026-07-19 15:00:00,64547.4,64576.0,64456.7,64529.6,64508.2,15.03423759,1274
2026-07-19 16:00:00,64529.7,64585.2,64474.1,64496.1,64513.7,15.07688733,1600
2026-07-19 17:00:00,64496.1,64696.7,64375.7,64508.2,64550.3,39.02817447,1941
2026-07-19 18:00:00,64508.2,64508.2,64272.6,64371.3,64378.5,16.10646242,1595
2026-07-19 19:00:00,64371.4,64422.4,64323.3,64398.7,64385.4,10.4518123,1326
2026-07-19 20:00:00,64398.8,64495.0,64398.7,64486.6,64450.0,17.1961649,1977
2026-07-19 21:00:00,64486.6,64500.0,64312.5,64359.8,64389.7,11.8660497,1044
2026-07-19 22:00:00,64359.9,64845.6,64308.2,64621.0,64631.3,60.91720427,2568
2026-07-19 23:00:00,64621.0,64713.5,64532.5,64678.1,64662.2,12.44084651,1435
2026-07-20 00:00:00,64678.1,65045.2,64388.4,64510.9,64817.6,150.15832266,5164
2026-07-20 01:00:00,64511.0,64962.6,64463.3,64588.8,64730.7,71.11535389,3713
2026-07-20 02:00:00,64588.8,64923.5,64546.8,64796.7,64786.3,19.89281593,2695
2026-07-20 03:00:00,64796.8,64853.6,64596.8,64799.9,64772.2,28.12763441,1859
2026-07-20 04:00:00,64799.9,64816.6,64478.3,64495.3,64631.0,30.80356499,1713
2026-07-20 05:00:00,64495.3,64495.3,64003.6,64084.2,64166.7,139.1900441,3059
2026-07-20 06:00:00,64084.3,64163.5,63691.6,63831.7,63852.0,117.24456661,2616
2026-07-20 07:00:00,63846.6,64230.9,63832.1,64198.2,64028.6,63.41772412,1684
2026-07-20 08:00:00,64198.3,64280.3,63825.0,63991.9,63997.1,81.25249505,1911
2026-07-20 09:00:00,63991.9,64210.9,63958.7,64136.8,64106.4,11.10596922,1192
2026-07-20 10:00:00,64136.8,64342.0,64100.7,64235.3,64277.9,35.25749497,1245
2026-07-20 11:00:00,64235.9,64978.3,64221.5,64935.9,64640.3,93.21205255,2703
2026-07-20 12:00:00,64935.9,64946.0,64546.7,64581.8,64718.6,45.03526027,2310
2026-07-20 13:00:00,64581.9,64687.3,64150.1,64280.7,64508.0,82.93308918,3349
2026-07-20 14:00:00,64280.7,64490.0,64041.6,64354.3,64340.3,66.94189597,3309
2026-07-20 15:00:00,64357.4,65600.0,64357.4,65542.5,65089.7,305.52570466,6442
2026-07-20 16:00:00,65542.5,65567.2,65297.2,65444.0,65414.2,170.6509582,3865
2026-07-20 17:00:00,65444.0,65590.2,65297.2,65539.8,65435.2,64.62246363,2527
2026-07-20 18:00:00,65539.8,65757.0,65166.8,65191.7,65551.8,250.41295679,3678
2026-07-20 19:00:00,65191.7,65221.5,65000.0,65090.7,65105.2,76.15264919,2272
2026-07-20 20:00:00,65090.7,65386.3,65015.0,65325.1,65245.6,43.86145444,2008
2026-07-20 21:00:00,65325.2,65392.8,65246.7,65246.8,65297.5,53.52054321,1402
2026-07-20 22:00:00,65246.8,65246.8,65050.5,65104.6,65142.3,60.72934802,1599
2026-07-20 23:00:00,65104.6,65232.2,65092.9,65215.7,65178.2,16.28206495,1341
2026-07-21 00:00:00,65215.7,65546.0,65115.2,65533.1,65327.4,29.39061326,1910
2026-07-21 01:00:00,65533.1,65600.0,65204.8,65204.8,65487.4,28.01722338,1661
2026-07-21 02:00:00,65204.9,65437.9,65135.5,65367.5,65262.0,10.0641936,1548
2026-07-21 03:00:00,65367.5,65532.6,65367.5,65531.9,65443.2,11.82277061,1716
2026-07-21 04:00:00,65531.9,65683.7,65448.6,65475.6,65538.5,24.41676116,1542
2026-07-21 05:00:00,65475.6,65869.0,65449.7,65707.3,65667.4,33.88953854,1864
2026-07-21 06:00:00,65707.3,65936.5,65593.2,65879.0,65841.2,40.65038669,2015
2026-07-21 07:00:00,65879.0,66183.5,65840.0,66150.0,66066.2,133.94037276,3091
2026-07-21 08:00:00,66150.1,66300.0,66100.0,66180.1,66186.0,78.90894987,2546
2026-07-21 09:00:00,66180.2,66301.5,66115.4,66236.5,66238.7,25.62305301,1455
2026-07-21 10:00:00,66236.6,66386.3,66150.4,66160.4,66298.0,45.78413454,1759
2026-07-21 11:00:00,66160.4,66305.0,66100.3,66297.5,66227.6,26.98048541,1363
2026-07-21 12:00:00,66297.5,66592.4,66226.5,66503.0,66447.1,85.91299659,2815
2026-07-21 13:00:00,66508.9,66744.0,66291.5,66743.7,66528.9,101.41371402,3454
2026-07-21 14:00:00,66743.8,66907.3,66607.2,66808.2,66773.2,143.90489651,4712
2026-07-21 15:00:00,66808.3,66808.3,66504.4,66653.3,66639.3,65.26757901,3062
2026-07-21 16:00:00,66653.3,66725.8,66455.0,66516.9,66555.1,56.78994886,2679
2026-07-21 17:00:00,66516.9,66543.3,66123.0,66153.0,66327.5,125.10472663,3470
2026-07-21 18:00:00,66153.0,66320.5,66086.6,66259.3,66201.4,87.37298244,2446
2026-07-21 19:00:00,66259.3,66471.6,66233.0,66412.9,66337.6,44.99524454,2242
2026-07-21 20:00:00,66413.0,66464.8,66328.7,66372.5,66394.7,82.3997947,2400
2026-07-21 21:00:00,66372.6,66373.1,66248.9,66338.8,66295.5,37.47507162,1635
2026-07-21 22:00:00,66338.9,66348.4,66175.8,66275.3,66267.3,17.77650189,1895
2026-07-21 23:00:00,66275.3,66520.4,66196.9,66511.7,66377.7,76.85485345,2206
2026-07-22 00:00:00,66511.7,66698.4,66496.1,66590.7,66606.9,33.86709005,2885
2026-07-22 01:00:00,66590.6,66612.6,66261.7,66366.2,66398.2,33.86736446,2090
2026-07-22 02:00:00,66377.9,66475.8,66256.9,66268.5,66352.7,18.27569601,2134
2026-07-22 03:00:00,66268.5,66320.0,66132.7,66164.8,66207.1,51.42298436,2023
2026-07-22 04:00:00,66162.4,66375.8,66148.5,66333.3,66311.0,23.31430217,1620
2026-07-22 05:00:00,66333.3,66333.3,65904.8,65924.8,66039.8,69.47035623,2119
2026-07-22 06:00:00,65938.5,65976.7,65789.1,65893.5,65863.0,81.80745952,1996
2026-07-22 07:00:00,65893.5,65930.6,65675.8,65800.1,65767.9,41.09004551,1854
2026-07-22 08:00:00,65800.1,66100.0,65800.1,65944.3,65981.2,26.28236777,1620
2026-07-22 09:00:00,65944.3,66030.8,65801.7,65880.4,65917.8,50.37994127,1621
2026-07-22 10:00:00,65880.4,66057.7,65854.9,66005.1,65968.1,14.7434327,1197
2026-07-22 11:00:00,66005.2,66045.6,65863.0,65969.0,65966.8,18.88384319,1678
2026-07-22 12:00:00,65969.1,65975.3,65504.5,65592.6,65688.5,67.45690181,2119
2026-07-22 13:00:00,65592.6,65930.9,65514.8,65919.4,65727.2,124.49996273,3487
2026-07-22 14:00:00,65919.5,66159.3,65555.0,65757.0,65853.0,84.67499857,3390
2026-07-22 15:00:00,65757.0,66079.0,65756.9,66014.0,65948.0,59.02900714,2703
2026-07-22 16:00:00,66014.1,66351.2,65905.0,66209.4,66107.3,67.87797052,3019
2026-07-22 17:00:00,66210.4,66255.9,65905.7,66000.4,66078.2,64.83660054,3189
2026-07-22 18:00:00,65994.3,66044.7,65705.4,65867.2,65838.1,89.13949223,3062
2026-07-22 19:00:00,65867.2,65925.8,65675.9,65900.6,65836.6,49.91871585,2772
2026-07-22 20:00:00,65888.2,65950.0,65775.8,65882.0,65872.3,73.4652049,2437
2026-07-22 21:00:00,65882.0,66099.9,65868.5,66036.0,65997.7,25.34096728,1526
2026-07-22 22:00:00,66036.0,66048.9,65907.7,66007.2,65964.4,17.75763104,1640
2026-07-22 23:00:00,66007.3,66090.0,65825.8,66072.5,65976.9,23.83955281,1630
2026-07-23 00:00:00,66072.4,66275.8,66025.8,66027.5,66148.4,34.29024947,2104
2026-07-23 01:00:00,66027.5,66170.4,65712.8,65797.9,65914.0,31.74611322,2066
2026-07-23 02:00:00,65796.8,65809.3,65625.9,65776.2,65751.3,34.96164673,2389
2026-07-23 03:00:00,65774.0,65774.6,65546.3,65621.1,65659.1,46.23631369,1601
2026-07-23 04:00:00,65621.2,65702.8,65551.6,65561.0,65593.0,45.3234559,1184
2026-07-23 05:00:00,65561.0,65765.1,65550.0,65657.3,65641.5,52.92345782,1186
2026-07-23 06:00:00,65657.4,65771.5,65600.0,65754.6,65663.7,12.82862752,944
2026-07-23 07:00:00,65754.6,65754.6,65287.2,65404.8,65390.6,94.35448141,2402
2026-07-23 08:00:00,65404.9,65625.4,65374.7,65613.3,65501.0,16.35851202,1011
2026-07-23 09:00:00,65605.7,65709.0,65567.6,65599.9,65661.0,16.31841158,905
2026-07-23 10:00:00,65599.9,65749.9,65559.2,65693.0,65687.0,18.29289022,1069
2026-07-23 11:00:00,65693.1,65705.7,65508.7,65522.0,65590.0,29.77189656,1453
2026-07-23 12:00:00,65522.0,65557.3,64938.4,65125.7,65206.0,175.45060565,3581
2026-07-23 13:00:00,65125.8,65187.9,64827.9,64834.3,64995.0,177.72318696,4646
2026-07-23 14:00:00,64834.3,65172.8,64773.0,64862.2,64935.5,85.61615132,3306
2026-07-23 15:00:00,64862.2,64976.8,64682.6,64907.8,64816.5,82.23878924,3288
2026-07-23 16:00:00,64907.8,64907.8,64663.4,64720.0,64738.8,61.22678504,2590
2026-07-23 17:00:00,64701.8,64824.9,64603.4,64620.2,64746.3,61.87926644,2677
2026-07-23 18:00:00,64620.2,64890.5,64613.9,64809.0,64729.8,64.73876403,2544
2026-07-23 19:00:00,64809.1,64874.9,64650.1,64810.0,64768.4,61.12484705,2059
2026-07-23 20:00:00,64801.7,65143.3,64790.0,65092.6,65050.9,82.96911673,2787
2026-07-23 21:00:00,65092.6,65157.8,64970.0,65109.8,65065.0,38.66044588,2250
2026-07-23 22:00:00,65109.8,65173.3,64970.2,65146.0,65074.9,67.83070115,1985
2026-07-23 23:00:00,65146.0,65170.4,65013.8,65050.1,65096.9,33.90541318,1513
2026-07-24 00:00:00,65052.4,65054.0,64709.4,64929.0,64895.7,42.36274797,2554
2026-07-24 01:00:00,64929.0,65103.1,64899.2,65036.2,65037.1,27.69993488,1923
2026-07-24 02:00:00,65031.3,65126.6,64864.9,65068.1,64982.6,30.8613925,2318
2026-07-24 03:00:00,65066.2,65410.7,65039.2,65404.0,65256.8,28.82512261,2002
2026-07-24 04:00:00,65404.0,65409.3,65218.1,65261.3,65315.4,42.09962821,1511
2026-07-24 05:00:00,65261.4,65333.7,65215.0,65250.5,65266.9,15.39461733,1119
2026-07-24 06:00:00,65256.1,65455.6,65229.3,65426.4,65404.0,37.13854193,1220
2026-07-24 07:00:00,65426.3,65766.9,65330.1,65453.5,65589.6,85.02836736,1952
2026-07-24 08:00:00,65453.5,65453.5,65275.9,65275.9,65346.9,13.78440918,1299
2026-07-24 09:00:00,65275.9,65275.9,64916.8,65061.6,65065.5,40.65039799,1417
2026-07-24 10:00:00,65061.7,65094.0,64865.4,64901.1,64980.8,12.93363978,1283
2026-07-24 11:00:00,64904.5,65044.2,64807.4,65021.9,64920.2,26.03444316,1446
2026-07-24 12:00:00,65021.9,65072.6,64720.1,64720.5,64883.6,51.75469143,1688
2026-07-24 13:00:00,64720.5,64720.5,63874.5,64082.2,64286.3,237.14221449,5358
2026-07-24 14:00:00,64084.3,64136.9,63657.0,63988.2,63833.7,207.30558878,5470
2026-07-24 15:00:00,63988.3,64249.5,63788.2,64026.3,64036.0,134.05467133,4634
2026-07-24 16:00:00,64026.4,64136.7,63818.4,63903.6,64001.5,93.19150691,2513
2026-07-24 17:00:00,63903.6,64144.5,63852.5,64127.8,63967.3,99.27421008,2724
2026-07-24 18:00:00,64127.9,64226.3,64075.4,64220.1,64118.2,30.56276058,1803
2026-07-24 19:00:00,64220.1,64233.9,64084.1,64171.6,64159.6,38.42390736,2029
2026-07-24 20:00:00,64163.3,64200.0,64061.9,64109.6,64124.1,50.98028918,1479
2026-07-24 21:00:00,64109.6,64156.3,64075.0,64078.0,64100.1,15.01032978,1266
2026-07-24 22:00:00,64078.1,64160.0,64075.0,64112.4,64107.5,18.44420727,1254
2026-07-24 23:00:00,64112.4,64126.9,64075.0,64087.8,64094.6,24.78646848,1300
2026-07-25 00:00:00,64088.2,64111.3,63981.3,64012.4,64065.4,10.27722608,1311
2026-07-25 01:00:00,64012.5,64096.4,63942.2,64008.7,63987.8,10.9722646,1343
2026-07-25 02:00:00,64006.5,64037.5,63953.5,63969.1,63988.7,13.14241212,1442
2026-07-25 03:00:00,63977.2,64041.6,63955.4,64025.8,64006.0,4.48972514,910
2026-07-25 04:00:00,64025.8,64135.3,64025.7,64114.6,64070.0,7.84574081,709
2026-07-25 05:00:00,64118.7,64137.4,63931.3,63967.8,63996.1,30.58293031,1012
2026-07-25 06:00:00,63967.8,64005.0,63901.0,63948.0,63961.9,8.67828376,809
2026-07-25 07:00:00,63948.0,63971.8,63941.2,63965.1,63951.6,3.8687074,720
2026-07-25 08:00:00,63965.1,63965.1,63760.0,63800.9,63853.0,9.79553007,985
2026-07-25 09:00:00,63808.2,63965.0,63767.9,63927.3,63857.9,11.53588212,798
2026-07-25 10:00:00,63927.3,64003.1,63927.3,64002.8,63962.3,3.77971413,763
2026-07-25 11:00:00,64002.9,64048.7,63982.2,63991.5,64008.6,9.46691613,726
2026-07-25 12:00:00,63991.5,64055.0,63972.8,64054.9,63997.2,9.19593858,950
2026-07-25 13:00:00,64055.0,64187.8,64052.9,64106.2,64123.0,14.12730287,897
2026-07-25 14:00:00,64106.3,64156.0,64056.9,64156.0,64117.6,11.77271008,1152
2026-07-25 15:00:00,64156.0,64200.0,64118.0,64127.1,64170.5,22.97520681,1359
2026-07-25 16:00:00,64127.2,64183.5,64064.4,64150.0,64134.1,23.62996171,1218
2026-07-25 17:00:00,64150.0,64286.0,64130.6,64191.5,64226.7,34.49972148,1368
2026-07-25 18:00:00,64191.6,64375.1,64191.6,64350.8,64288.6,28.78811257,1466
2026-07-25 19:00:00,64352.8,64379.7,64327.3,64328.5,64356.9,16.40852499,944
2026-07-25 20:00:00,64328.6,64339.8,64247.7,64270.3,64288.9,17.28909531,1098
2026-07-25 21:00:00,64270.4,64361.7,64209.3,64286.2,64279.9,13.63338895,995
2026-07-25 22:00:00,64286.2,64368.0,64286.1,64355.5,64337.8,8.48180395,1061
2026-07-25 23:00:00,64355.6,64368.0,64296.5,64312.9,64328.7,8.51319051,804
2026-07-26 00:00:00,64312.9,64446.0,64280.7,64434.9,64390.4,12.70796872,1202
2026-07-26 01:00:00,64435.0,64461.0,64395.9,64396.0,64436.6,7.0135946,776
2026-07-26 02:00:00,64396.1,64457.6,64368.8,64450.0,64396.2,15.46256221,1067
2026-07-26 03:00:00,64450.0,64500.0,64420.3,64481.8,64476.7,23.7479095,1108
2026-07-26 04:00:00,64481.9,64525.4,64440.5,64477.8,64480.1,11.84257739,789
2026-07-26 05:00:00,64468.0,64468.0,64345.3,64358.6,64380.1,30.14425359,963
2026-07-26 06:00:00,64358.6,64396.8,64230.9,64380.8,64353.2,24.63917791,1118
2026-07-26 07:00:00,64380.8,64400.0,64290.7,64310.2,64336.5,10.12437459,968
2026-07-26 08:00:00,64310.2,64433.2,64269.0,64419.3,64349.3,32.15205629,1373
2026-07-26 09:00:00,64419.4,64496.9,64419.3,64483.0,64471.7,6.37872761,475
2026-07-26 10:00:00,64483.1,64499.0,64434.1,64461.9,64450.5,10.28521762,673
2026-07-26 11:00:00,64462.0,64462.0,64451.0,64451.2,64455.2,2.54940267,474
2026-07-26 12:00:00,64451.2,64595.9,64400.0,64424.8,64494.5,22.22455279,976
2026-07-26 13:00:00,64424.8,64500.0,64378.0,64458.4,64439.6,35.37739152,1125
2026-07-26 14:00:00,64458.4,64699.0,64458.3,64658.8,64588.3,32.9173465,2261
2026-07-26 15:00:00,64657.2,64750.0,64615.7,64718.6,64696.3,30.79261732,1624
2026-07-26 16:00:00,64718.6,64861.3,64646.3,64672.5,64735.3,15.31942667,1804
2026-07-26 17:00:00,64672.9,64739.7,64616.0,64620.0,64659.4,52.88676529,1546
2026-07-26 18:00:00,64620.0,64702.4,64613.3,64691.1,64641.7,9.06544102,1422
2026-07-26 19:00:00,64691.1,64697.0,64626.0,64640.6,64656.5,6.61961617,1054
2026-07-26 20:00:00,64640.6,64640.6,64581.8,64595.0,64598.4,10.26969783,920
2026-07-26 21:00:00,64595.2,64849.9,64595.1,64784.7,64717.6,21.35088531,1354
2026-07-26 22:00:00,64784.7,65432.7,64784.7,65346.7,65190.1,139.33262717,3685
2026-07-26 23:00:00,65349.7,65500.0,65223.2,65336.6,65370.8,51.11692647,2238
2026-07-27 00:00:00,65336.6,65368.8,65004.6,65057.3,65203.1,44.24711933,2213
2026-07-27 01:00:00,65068.9,65150.0,64853.6,65139.9,65048.1,51.5507983,2057
2026-07-27 02:00:00,65139.9,65212.0,65055.2,65117.5,65131.3,17.27991165,1676
2026-07-27 03:00:00,65116.8,65295.6,65106.2,65221.7,65189.3,15.15190231,1345
2026-07-27 04:00:00,65221.7,65420.0,65187.2,65240.2,65335.5,22.40378658,1422
2026-07-27 05:00:00,65240.2,65424.2,65230.1,65406.9,65320.7,9.08652178,1115
2026-07-27 06:00:00,65406.9,65682.6,65358.7,65369.5,65541.8,29.83804584,1765
2026-07-27 07:00:00,65369.0,65391.0,65149.9,65164.1,65242.3,43.81144874,1862
2026-07-27 08:00:00,65164.1,65202.9,65075.0,65102.7,65145.5,35.08631336,1434
2026-07-27 09:00:00,65101.4,65285.1,65051.0,65207.0,65190.5,23.98348969,1226
2026-07-27 10:00:00,65205.1,65357.0,65174.0,65278.2,65285.7,18.53036519,958
2026-07-27 11:00:00,65278.2,65278.2,65048.5,65054.7,65166.0,7.92556848,1225
2026-07-27 12:00:00,65048.6,65199.9,64800.0,65010.0,64991.6,42.18128828,2167
2026-07-27 13:00:00,65013.5,65629.3,64850.1,65157.2,65220.5,104.83887719,3973
2026-07-27 14:00:00,65148.5,65362.2,64403.8,64615.4,64845.8,261.46863232,6134
2026-07-27 15:00:00,64615.4,64698.3,64252.9,64482.4,64416.9,334.93709225,4831
2026-07-27 16:00:00,64482.4,64889.3,64450.0,64831.3,64716.2,88.7458002,3469
2026-07-27 17:00:00,64831.4,65009.4,64729.1,64953.6,64898.9,31.65534561,2673
2026-07-27 18:00:00,64953.6,64994.0,64686.9,64799.3,64778.0,89.64971124,3024
2026-07-27 19:00:00,64799.3,65000.0,64745.1,64902.9,64894.7,33.5250696,2488
2026-07-27 20:00:00,64909.3,64986.9,64838.8,64898.3,64899.2,42.26371688,2124
2026-07-27 21:00:00,64898.3,64898.3,64745.0,64746.7,64821.8,13.85766994,1471
2026-07-27 22:00:00,64746.7,64746.7,63750.0,63750.0,64248.1,222.66981681,4030
2026-07-27 23:00:00,63750.1,63882.4,63550.0,63697.1,63726.6,108.2955244,3637
2026-07-28 00:00:00,63697.1,63762.6,63417.4,63418.8,63557.2,81.29614345,3821
2026-07-28 01:00:00,63418.8,63470.8,63008.0,63164.5,63192.7,116.99576202,3439
2026-07-28 02:00:00,63166.6,63237.0,63055.7,63117.6,63157.1,47.69113703,2245
2026-07-28 03:00:00,63117.6,63309.4,63102.4,63274.6,63231.6,28.98063563,1694
2026-07-28 04:00:00,63281.1,63296.7,63156.6,63272.4,63237.8,27.79925162,1270
2026-07-28 05:00:00,63286.5,63542.5,63270.0,63400.1,63404.6,46.12943612,1501
2026-07-28 06:00:00,63400.1,63567.0,63330.3,63566.9,63443.1,33.61998267,1529
2026-07-28 07:00:00,63566.8,63578.5,63382.5,63434.9,63493.0,22.30407429,1188
2026-07-28 08:00:00,63435.0,63463.2,63333.0,63354.0,63392.4,19.05791954,1411
2026-07-28 09:00:00,63354.1,63500.8,63300.1,63328.2,63389.2,13.38670886,1183
2026-07-28 10:00:00,63328.3,63483.2,63222.1,63402.9,63349.6,31.65586153,1604
2026-07-28 11:00:00,63402.9,63529.6,63297.8,63412.2,63408.3,35.51351925,1932
2026-07-28 12:00:00,63399.7,63496.5,63318.4,63475.3,63396.0,24.50093438,1766
2026-07-28 13:00:00,63475.3,63515.0,62684.4,63033.8,63051.5,190.88626221,4982
2026-07-28 14:00:00,63029.4,63460.2,62883.8,63337.3,63187.8,76.3282817,4498
2026-07-28 15:00:00,63335.8,63938.9,63184.6,63858.9,63647.9,121.12126679,4921
2026-07-28 16:00:00,63858.9,64018.6,63705.3,63969.9,63868.8,65.92478097,3083
2026-07-28 17:00:00,63969.9,63969.9,63437.4,63608.7,63618.9,46.49225381,3146
2026-07-28 18:00:00,63608.8,63778.2,63603.3,63662.8,63664.7,27.71057382,2727
2026-07-28 19:00:00,63660.1,63808.2,63600.0,63801.5,63717.8,39.83203987,2552
2026-07-28 20:00:00,63813.3,63929.7,63795.8,63830.6,63856.0,27.93732484,2351
2026-07-28 21:00:00,63830.6,63980.0,63810.1,63899.3,63882.4,20.1759129,1794
2026-07-28 22:00:00,63892.4,63942.4,63689.8,63707.3,63783.6,30.50615694,1988
2026-07-28 23:00:00,63701.2,63871.5,63500.0,63859.6,63610.8,40.23935917,2159
2026-07-29 00:00:00,63844.5,64094.8,63787.5,63874.7,63945.2,44.76510844,2774
2026-07-29 01:00:00,63871.3,63921.8,63620.4,63627.9,63747.5,20.86519399,2450
2026-07-29 02:00:00,63632.6,64024.3,63567.4,63880.1,63817.6,19.18006769,2280
2026-07-29 03:00:00,63893.7,63900.6,63635.7,63657.0,63757.1,10.24363115,1646
2026-07-29 04:00:00,63662.0,63883.3,63514.2,63883.2,63637.1,17.00137284,1836
2026-07-29 05:00:00,63883.3,63995.5,63812.7,63979.6,63917.5,25.8506533,1521
2026-07-29 06:00:00,63979.6,64365.2,63943.2,64342.9,64193.1,49.07675409,2161
2026-07-29 07:00:00,64342.9,64481.2,64315.8,64481.2,64397.9,42.72986829,1381
2026-07-29 08:00:00,64481.2,64490.6,64200.5,64330.9,64314.3,24.46030356,1521
2026-07-29 09:00:00,64332.0,64643.8,64303.3,64614.9,64499.7,37.04015766,1960
2026-07-29 10:00:00,64614.9,64627.0,64332.9,64393.7,64545.1,24.52783169,1502
2026-07-29 11:00:00,64393.7,64514.5,64346.3,64424.9,64423.7,13.83440115,1271
2026-07-29 12:00:00,64425.0,64434.1,64157.0,64200.0,64250.3,53.56006043,1705
2026-07-29 13:00:00,64200.0,64581.8,64064.9,64581.8,64250.5,101.73376071,4490
2026-07-29 14:00:00,64581.8,64631.2,63983.5,64021.4,64142.3,92.86614658,4045
2026-07-29 15:00:00,64017.9,64101.0,63800.7,63881.9,63970.1,56.35798464,3177
2026-07-29 16:00:00,63881.9,64035.0,63551.7,63725.0,63837.6,51.69296692,3041
2026-07-29 17:00:00,63725.0,64178.0,63634.7,64178.0,63921.6,69.1690153,2488
2026-07-29 18:00:00,64180.1,64582.2,63700.0,64424.8,64262.5,162.02361411,6002
2026-07-29 19:00:00,64429.6,64516.3,63450.0,63514.9,63813.6,172.48145891,4972
2026-07-29 20:00:00,63525.4,63650.9,63300.1,63444.2,63498.5,65.66887617,3880
2026-07-29 21:00:00,63437.7,63766.8,63208.4,63766.8,63472.7,60.07270908,3689
2026-07-29 22:00:00,63768.5,64041.6,63768.5,63859.2,63914.7,61.84589923,3010
2026-07-29 23:00:00,63859.2,63988.2,63817.9,63901.0,63906.7,20.18979515,1689
2026-07-30 00:00:00,63901.0,64024.9,63536.5,63611.7,63877.9,72.48158861,2166
2026-07-30 01:00:00,63611.2,64288.4,63611.2,64172.4,63877.0,52.8171296,2236
2026-07-30 02:00:00,64180.5,64314.3,64082.1,64097.6,64216.5,14.25757211,1917
2026-07-30 03:00:00,64097.6,64200.0,64052.0,64078.6,64137.0,23.03700556,1289
2026-07-30 04:00:00,64078.7,64095.1,63916.9,63935.8,64000.5,26.04535352,1425
2026-07-30 05:00:00,63935.9,64069.7,63829.4,63952.8,63946.0,13.74058925,1488
2026-07-30 06:00:00,63952.8,63996.3,63873.8,63920.3,63938.1,8.52868033,1194
2026-07-30 07:00:00,63920.4,64059.8,63871.8,63906.4,63992.6,28.85229566,1263
2026-07-30 08:00:00,63912.1,64252.9,63889.2,64209.1,64101.4,34.82397543,1532
2026-07-30 09:00:00,64209.1,64535.5,64184.8,64476.4,64407.8,63.09314052,1642
2026-07-30 10:00:00,64476.5,64532.9,64474.0,64486.0,64509.0,13.66169608,1082
2026-07-30 11:00:00,64486.0,64779.9,64451.1,64695.4,64622.0,67.81257121,1924
2026-07-30 12:00:00,64695.5,64924.3,64695.5,64842.9,64822.9,62.05063345,2371
2026-07-30 13:00:00,64842.9,65078.5,64613.1,64972.4,64832.5,164.52083607,3612
2026-07-30 14:00:00,64972.4,64972.4,64546.8,64617.8,64713.8,105.38028267,3820
2026-07-30 15:00:00,64617.8,64809.7,64533.2,64659.7,64641.1,37.00119426,2721
2026-07-30 16:00:00,64659.8,64894.1,64652.9,64758.1,64799.5,63.51709658,2491
2026-07-30 17:00:00,64758.2,64915.2,64704.4,64811.0,64829.5,49.34585524,2199
2026-07-30 18:00:00,64811.0,64830.0,64616.6,64638.7,64672.4,31.09561456,1948
2026-07-30 19:00:00,64638.8,64852.7,64637.7,64742.9,64782.9,43.33191827,1898
2026-07-30 20:00:00,64742.9,64875.0,64704.4,64711.8,64755.7,38.45218247,2056
2026-07-30 21:00:00,64710.1,64744.7,64646.5,64669.7,64703.2,29.88185119,1734
2026-07-30 22:00:00,64669.7,64947.3,64614.9,64787.9,64801.2,59.65838652,2045
2026-07-30 23:00:00,64787.9,65000.0,64681.7,64723.0,64925.6,49.26362743,1819
2026-07-31 00:00:00,64723.0,64839.9,64625.5,64666.8,64730.2,29.91282588,2158
2026-07-31 01:00:00,64666.8,65369.8,64436.0,64502.9,64911.3,246.75484608,4032
2026-07-31 02:00:00,64502.9,64524.6,64158.7,64221.5,64311.6,162.58228576,2665
2026-07-31 03:00:00,64221.5,64367.1,64121.7,64299.3,64246.0,60.85831206,1922
2026-07-31 04:00:00,64299.3,64367.2,64175.0,64235.6,64229.9,23.53335809,1223
2026-07-31 05:00:00,64235.6,64347.9,64214.5,64304.8,64269.9,15.84021146,1218
2026-07-31 06:00:00,64304.8,64436.9,64149.3,64192.4,64271.6,11.43907663,1044
2026-07-31 07:00:00,64171.5,64178.9,63820.8,63890.4,63995.2,103.93356081,1831
2026-07-31 08:00:00,63890.4,63907.9,63750.7,63770.0,63818.2,37.82105455,1289
2026-07-31 09:00:00,63770.1,63776.0,63600.0,63646.2,63656.4,67.393375,1449
2026-07-31 10:00:00,63646.2,63882.9,63560.0,63851.7,63739.9,70.01346398,1656
2026-07-31 11:00:00,63851.7,63940.3,63718.5,63732.6,63782.2,55.66849488,1472
2026-07-31 12:00:00,63732.7,63762.0,63548.1,63680.0,63614.8,74.27682299,2238
2026-07-31 13:00:00,63680.0,63766.4,63200.0,63204.1,63433.6,198.05521078,3745
2026-07-31 14:00:00,63204.1,63243.0,62344.0,62605.7,62662.3,339.78625489,8076
2026-07-31 15:00:00,62605.8,62676.1,62400.0,62643.0,62530.0,217.41281255,4293
2026-07-31 16:00:00,62643.1,62861.4,62602.7,62803.4,62737.9,56.32670352,3208
2026-07-31 17:00:00,62803.4,63225.4,62756.0,63190.1,62989.8,193.79551153,3013
2026-07-31 18:00:00,63190.1,63219.0,62892.1,63027.2,63054.5,56.44495906,2498
2026-07-31 19:00:00,63027.2,63095.0,62865.1,62895.3,62966.9,95.22787169,2708
2026-07-31 20:00:00,62906.5,62969.0,62868.4,62890.9,62918.1,42.98367574,2176
2026-07-31 21:00:00,62890.9,62987.6,62780.0,62892.1,62899.8,31.65566291,2238
2026-07-31 22:00:00,62892.1,62963.1,62814.2,62887.4,62907.7,49.3568034,1826
2026-07-31 23:00:00,62887.4,62960.2,62800.1,62822.0,62899.7,26.65069614,1727
2026-08-01 00:00:00,62821.8,62964.0,62821.4,62877.9,62890.3,16.76904009,1515
2026-08-01 01:00:00,62877.9,62931.5,62853.6,62899.4,62876.2,15.34703262,1128
2026-08-01 02:00:00,62906.0,63042.1,62906.0,63004.5,63001.3,8.07556342,931
2026-08-01 03:00:00,63003.2,63015.7,62915.6,62942.3,62942.2,13.33737665,999
2026-08-01 04:00:00,62942.6,63037.5,62934.0,63037.1,62978.8,4.2571155,785
2026-08-01 05:00:00,63037.1,63075.2,62934.0,62974.4,63004.1,10.6847707,922
2026-08-01 06:00:00,62970.1,63020.6,62931.3,63018.0,62982.9,13.63357512,900
2026-08-01 07:00:00,63018.0,63049.8,62990.0,62990.1,63019.9,14.6891924,631
2026-08-01 08:00:00,62990.1,63091.0,62990.0,63088.4,63039.2,10.18330205,751
2026-08-01 09:00:00,63085.1,63085.1,62990.1,63002.0,63047.4,13.42903346,1105
2026-08-01 10:00:00,63002.1,63045.9,62926.3,62998.9,62978.3,11.95622849,1121
2026-08-01 11:00:00,62999.6,63022.0,62988.9,63016.2,63006.7,10.82502965,820
2026-08-01 12:00:00,63016.2,63060.0,63016.2,63041.6,63029.1,19.56290722,849
2026-08-01 13:00:00,63041.6,63044.8,62988.7,63008.9,63012.2,8.66285541,955
2026-08-01 14:00:00,63008.9,63057.0,63008.8,63047.1,63034.1,10.09662502,1131
2026-08-01 15:00:00,63050.0,63050.0,62956.1,62956.1,63019.0,32.66827043,1331
2026-08-01 16:00:00,62956.2,62959.2,62803.6,62857.4,62901.3,43.21939631,2046
2026-08-01 17:00:00,62857.4,62937.2,62618.0,62640.2,62793.1,69.00915907,2340
2026-08-01 18:00:00,62640.2,62678.1,62200.5,62521.7,62396.5,98.602539,3772
2026-08-01 19:00:00,62521.7,62568.0,62406.3,62477.9,62511.5,35.45510912,1706
2026-08-01 20:00:00,62478.0,62617.7,62428.7,62607.8,62535.6,19.83309144,1464
2026-08-01 21:00:00,62607.8,62793.6,62607.8,62759.0,62714.1,18.0080393,1463
2026-08-01 22:00:00,62758.9,62801.2,62736.1,62775.1,62778.0,8.47909475,1091
2026-08-01 23:00:00,62775.1,62788.0,62713.8,62760.0,62741.6,14.67619329,967
2026-08-02 00:00:00,62760.0,62906.7,62740.2,62762.8,62811.7,119.37645885,2790
2026-08-02 01:00:00,62762.9,63000.0,62762.9,62920.1,62920.2,97.86972202,2306
2026-08-02 02:00:00,62920.1,63500.0,62887.0,63377.8,63308.4,126.23936221,2949
2026-08-02 03:00:00,63377.9,63469.1,63308.0,63392.7,63409.2,19.27981954,1123
2026-08-02 04:00:00,63392.7,63541.0,63392.7,63514.8,63463.9,33.72888545,950
2026-08-02 05:00:00,63514.8,63554.4,63348.3,63386.5,63417.7,12.22521861,879
2026-08-02 06:00:00,63386.5,63435.0,63364.7,63421.2,63408.7,13.55488982,1017
2026-08-02 07:00:00,63421.2,63474.1,63414.5,63427.4,63425.6,16.00824653,554
2026-08-02 08:00:00,63427.5,63451.6,63117.8,63117.8,63243.5,25.29532027,1190
2026-08-02 09:00:00,63117.9,63249.3,63036.1,63202.8,63171.6,7.90225736,891
2026-08-02 10:00:00,63202.7,63210.0,63052.0,63127.3,63079.1,18.37434571,938
2026-08-02 11:00:00,63127.3,63140.8,62916.1,62965.8,63061.2,28.93228948,1634
2026-08-02 12:00:00,62965.8,63155.8,62965.8,63059.3,63090.4,9.66035511,1453
2026-08-02 13:00:00,63059.9,63083.7,62932.7,63047.1,63025.1,52.98273789,2048
2026-08-02 14:00:00,63047.1,63113.7,62993.0,63004.1,63049.5,15.28168026,1334
2026-08-02 15:00:00,63004.2,63090.9,62983.3,63046.2,63062.9,19.17566715,1316
2026-08-02 16:00:00,63046.2,63190.3,63000.0,63111.0,63063.0,19.35475789,1735
2026-08-02 17:00:00,63111.1,63270.0,63084.9,63236.0,63175.9,27.00436322,1500
2026-08-02 18:00:00,63236.0,63521.0,63215.6,63311.9,63314.7,77.16994348,2117
2026-08-02 19:00:00,63311.9,63407.9,63256.8,63378.1,63301.3,21.43923986,1547
2026-08-02 20:00:00,63378.1,63435.2,63332.1,63427.2,63368.2,15.09619511,1691
2026-08-02 21:00:00,63427.2,63696.8,63405.3,63500.9,63539.9,48.56263711,2090
2026-08-02 22:00:00,63501.0,63712.1,63290.0,63351.4,63546.1,34.40973031,2206
2026-08-02 23:00:00,63351.3,63516.6,63277.8,63500.0,63437.5,14.26234354,1402
2026-08-03 00:00:00,63500.0,63513.4,63150.0,63243.8,63264.5,55.74908925,2119
2026-08-03 01:00:00,63243.8,63285.7,63042.8,63127.1,63134.0,18.85442064,1591
2026-08-03 02:00:00,63127.2,63190.0,63027.7,63063.8,63110.3,6.3918359,1216
2026-08-03 03:00:00,63063.7,63083.5,62719.9,62793.4,62890.1,30.46676947,1498
2026-08-03 04:00:00,62793.4,62916.2,62719.9,62720.0,62769.4,26.48793368,1426
2026-08-03 05:00:00,62720.0,62794.8,62695.8,62743.3,62735.8,48.53677594,1149
2026-08-03 06:00:00,62743.4,62782.6,62558.6,62558.6,62626.9,42.77352262,1250
2026-08-03 07:00:00,62558.7,62618.0,62480.0,62531.0,62539.4,28.11578139,1364
2026-08-03 08:00:00,62531.2,62568.1,62218.4,62451.6,62358.6,58.90524518,2158
2026-08-03 09:00:00,62451.6,62771.1,62444.6,62755.1,62601.6,22.726533,1315
2026-08-03 10:00:00,62754.0,62771.1,62542.2,62662.2,62673.2,25.2488254,1204
2026-08-03 11:00:00,62662.2,62690.1,62468.4,62469.0,62612.2,14.8409351,1480
2026-08-03 12:00:00,62480.4,62707.6,62363.8,62626.5,62497.2,86.68165521,1987
2026-08-03 13:00:00,62626.5,63300.0,62500.1,63258.8,62937.8,148.85292529,4089
2026-08-03 14:00:00,63258.8,63904.1,63061.5,63887.4,63599.7,170.96748937,6207
2026-08-03 15:00:00,63887.4,63904.1,63571.2,63603.3,63727.3,183.43915145,4224
2026-08-03 16:00:00,63619.5,63877.5,63598.0,63704.0,63742.8,95.280444,3607
2026-08-03 17:00:00,63705.1,63980.1,63653.2,63848.4,63807.6,95.43197407,3190
2026-08-03 18:00:00,63848.4,63927.9,63704.1,63807.2,63816.4,53.86258445,2433
2026-08-03 19:00:00,63807.2,64008.2,63784.8,63813.4,63901.6,106.80970701,2594
2026-08-03 20:00:00,63808.5,63953.1,63711.3,63735.9,63820.2,74.76962308,1948
2026-08-03 21:00:00,63735.9,63735.9,63497.4,63542.9,63633.8,36.61924221,2316
2026-08-03 22:00:00,63535.0,63600.0,63346.1,63550.9,63467.8,35.98200613,1934
2026-08-03 23:00:00,63551.0,63557.2,63401.8,63461.7,63457.5,122.03825869,2006
2026-08-04 00:00:00,63461.8,63525.2,63270.3,63288.9,63413.5,90.02601523,2719
2026-08-04 01:00:00,63289.0,63849.8,63288.9,63776.2,63573.6,50.7883008,2233
2026-08-04 02:00:00,63776.3,63888.1,63617.6,63760.5,63761.1,25.26605354,1941
2026-08-04 03:00:00,63760.5,63791.3,63595.2,63735.8,63725.4,7.93926692,915
2026-08-04 04:00:00,63733.9,64183.5,63695.0,63975.9,64030.6,48.71006205,1596
2026-08-04 05:00:00,63975.9,64000.8,63739.7,63743.2,63821.1,20.51655606,1139
2026-08-04 06:00:00,63749.3,63792.9,63600.4,63610.6,63689.7,17.68696747,1006
2026-08-04 07:00:00,63610.6,63692.2,63452.7,63627.7,63581.8,23.17176417,964
2026-08-04 08:00:00,63627.7,63681.9,63503.8,63521.3,63542.7,15.88622208,923
2026-08-04 09:00:00,63521.3,63543.0,63450.0,63523.8,63512.9,25.7489343,1072
2026-08-04 10:00:00,63523.9,63769.6,63400.0,63697.7,63592.5,32.16227276,1355
2026-08-04 11:00:00,63697.8,63892.0,63646.5,63861.1,63741.7,27.29061466,1481
2026-08-04 12:00:00,63861.1,63971.0,63728.5,63845.7,63857.8,81.57441643,1868
2026-08-04 13:00:00,63836.8,64018.6,63597.5,63610.8,63865.7,192.81025906,3288
2026-08-04 14:00:00,63616.6,64126.2,63551.8,64075.6,63947.1,96.9034769,4040
2026-08-04 15:00:00,64067.1,64159.9,63765.6,64080.1,64050.1,71.50641698,2551
2026-08-04 16:00:00,64080.1,64080.1,63860.4,63899.7,63941.1,45.62232763,2443
2026-08-04 17:00:00,63899.7,64120.0,63843.7,63930.3,64026.6,37.99892385,1953
2026-08-04 18:00:00,63930.3,64370.0,63930.2,64255.6,64238.6,78.59303686,3054
2026-08-04 19:00:00,64255.7,64349.0,64167.5,64181.8,64277.6,116.52662671,2381
2026-08-04 20:00:00,64175.7,64350.0,63936.3,64297.9,64179.7,100.01306979,2456
2026-08-04 21:00:00,64297.9,64297.9,64128.1,64149.8,64193.8,22.30012018,1511
2026-08-04 22:00:00,64149.9,64253.9,64093.3,64220.0,64200.2,23.85937401,1384
2026-08-04 23:00:00,64220.0,64464.9,64041.6,64053.7,64293.5,37.04924399,1935
2026-08-05 00:00:00,64053.7,64135.7,63936.1,63941.1,63984.8,39.47103341,1709
2026-08-05 01:00:00,63941.1,64288.0,63901.1,64276.8,64111.4,12.98008609,1670
2026-08-05 02:00:00,64276.9,64442.4,64276.8,64314.5,64373.6,31.61421081,1931
2026-08-05 03:00:00,64314.5,64391.6,64003.2,64126.8,64133.1,25.01296368,1538
2026-08-05 04:00:00,64126.8,64160.2,64045.3,64115.7,64089.6,14.97045659,911
2026-08-05 05:00:00,64115.7,64472.8,64115.6,64275.8,64271.3,29.34366785,1354
2026-08-05 06:00:00,64275.8,64317.9,64186.0,64199.9,64251.7,9.976912,865
2026-08-05 07:00:00,64199.9,64223.3,63952.9,64105.0,64058.9,22.00050931,1273
2026-08-05 08:00:00,64105.9,64229.7,64050.3,64063.0,64126.3,18.11195202,1108
2026-08-05 09:00:00,64063.0,64147.6,64056.6,64096.6,64101.6,6.65206363,703
2026-08-05 10:00:00,64096.7,64173.4,63969.0,64004.3,64075.6,15.30986897,1195
2026-08-05 11:00:00,64004.3,64075.0,63991.0,64015.2,64027.9,22.08172877,1518
2026-08-05 12:00:00,64015.3,64500.0,63998.2,64277.8,64280.7,85.72711386,2781
2026-08-05 13:00:00,64272.3,64349.6,63823.0,64349.6,64097.9,108.47006785,3901
2026-08-05 14:00:00,64349.6,64511.8,64246.1,64429.0,64416.6,95.67771844,3660
2026-08-05 15:00:00,64429.0,64695.4,64332.2,64332.3,64520.2,102.28120842,3550
2026-08-05 16:00:00,64332.3,64700.0,64332.3,64606.9,64590.4,53.2938973,3213
2026-08-05 17:00:00,64607.0,64719.0,64484.1,64711.8,64608.2,53.7755243,2066
2026-08-05 18:00:00,64711.8,64770.0,64604.3,64745.8,64705.7,187.93171841,4510
2026-08-05 19:00:00,64745.8,64882.8,64730.5,64790.9,64827.2,133.29306508,2963
2026-08-05 20:00:00,64791.0,64954.6,64754.0,64781.8,64859.1,85.37500393,3197
2026-08-05 21:00:00,64778.6,64781.1,64604.0,64675.2,64686.8,49.25078815,2027
2026-08-05 22:00:00,64675.2,64722.7,64590.0,64590.1,64637.5,29.97444236,1754
2026-08-05 23:00:00,64590.1,64692.1,64527.5,64599.2,64598.9,17.44793069,1229
2026-08-06 00:00:00,64599.3,64647.2,64512.1,64595.5,64588.3,17.16305231,1576
2026-08-06 01:00:00,64595.5,64602.1,64442.5,64526.1,64516.3,27.18997951,1586
2026-08-06 02:00:00,64526.1,64584.5,64372.6,64515.3,64470.6,28.2805815,1407
2026-08-06 03:00:00,64515.4,64515.4,64427.9,64460.3,64473.7,7.78531817,1042
2026-08-06 04:00:00,64460.9,64668.8,64436.0,64668.4,64594.8,12.02218779,1061
2026-08-06 05:00:00,64668.4,64936.4,64668.4,64838.9,64895.1,88.81645005,1327
2026-08-06 06:00:00,64839.1,64848.2,64683.7,64782.9,64768.4,8.26901225,1035
2026-08-06 07:00:00,64783.0,64879.3,64725.0,64756.5,64775.0,17.05491948,751
2026-08-06 08:00:00,64756.5,64915.8,64689.7,64875.9,64794.0,18.08713986,957
2026-08-06 09:00:00,64876.0,64876.0,64572.0,64613.0,64684.1,19.1192333,1193
2026-08-06 10:00:00,64613.1,64621.8,64523.1,64548.3,64558.3,12.32331688,1093
2026-08-06 11:00:00,64549.0,64582.8,64440.5,64535.0,64541.8,28.64942699,1382
2026-08-06 12:00:00,64535.0,64567.2,64324.3,64360.3,64426.4,24.15557711,1908
2026-08-06 13:00:00,64360.4,64444.9,64100.9,64363.7,64240.5,138.94044208,4032
2026-08-06 14:00:00,64363.7,64760.7,64288.7,64707.0,64506.1,126.23889332,3234
2026-08-06 15:00:00,64707.0,64929.4,64566.6,64573.6,64756.1,67.97842978,3379
2026-08-06 16:00:00,64573.6,64715.3,64535.3,64675.9,64607.2,34.99484224,2507
2026-08-06 17:00:00,64676.0,64769.5,64484.6,64557.2,64607.7,57.67061044,1990
2026-08-06 18:00:00,64557.3,64557.3,64326.6,64358.1,64410.2,39.48147316,1742
2026-08-06 19:00:00,64357.1,64411.9,64318.9,64401.7,64367.0,36.06033871,1763
2026-08-06 20:00:00,64401.7,64475.6,64390.0,64391.2,64431.2,114.24365893,1856
2026-08-06 21:00:00,64391.2,64461.9,64355.1,64386.7,64398.6,17.43036603,1383
2026-08-06 22:00:00,64386.7,64403.4,64270.6,64300.1,64311.9,26.27382396,1500
2026-08-06 23:00:00,64300.1,64308.2,64134.0,64259.2,64233.6,15.92126551,1588
2026-08-07 00:00:00,64267.1,64340.0,64168.0,64258.0,64226.6,15.8282008,1562
2026-08-07 01:00:00,64258.0,64412.5,64236.0,64363.6,64338.4,26.59601527,1546
2026-08-07 02:00:00,64363.7,64469.0,64207.2,64356.1,64349.9,24.15311403,1377
2026-08-07 03:00:00,64356.1,64356.1,64215.7,64230.3,64284.1,7.37709446,963
2026-08-07 04:00:00,64230.4,64300.0,64114.3,64190.6,64202.4,10.59111231,1126
2026-08-07 05:00:00,64190.7,64326.1,64119.5,64281.2,64174.4,5.32461906,876
2026-08-07 06:00:00,64280.1,64400.0,64230.6,64248.3,64286.2,10.26699756,1091
2026-08-07 07:00:00,64248.3,64366.9,64208.5,64269.5,64275.6,19.74467712,866
2026-08-07 08:00:00,64269.5,64610.0,64250.1,64544.9,64452.6,40.38837809,1477
2026-08-07 09:00:00,64545.0,64894.3,64545.0,64786.1,64773.2,36.54517795,1563
2026-08-07 10:00:00,64786.1,64845.5,64722.5,64827.8,64796.0,178.78054113,1036
2026-08-07 11:00:00,64827.9,65148.1,64827.9,64974.0,64968.7,126.48322341,1993
2026-08-07 12:00:00,64974.0,65322.2,64950.0,65236.2,65143.4,145.83866279,3610
2026-08-07 13:00:00,65236.3,65289.1,64950.0,64950.3,65161.9,80.01906421,3471
2026-08-07 14:00:00,64950.4,65216.0,64747.2,64902.8,64971.1,89.88041729,3917
2026-08-07 15:00:00,64904.1,65076.9,64845.6,64860.4,64935.8,77.9015316,2583
2026-08-07 16:00:00,64860.5,65029.9,64742.0,64742.6,64878.0,58.77773504,2184
2026-08-07 17:00:00,64742.6,64774.3,64479.4,64715.1,64629.9,70.81864083,2554
2026-08-07 18:00:00,64715.1,64828.8,64638.0,64671.5,64696.3,60.17050759,1882
2026-08-07 19:00:00,64674.5,64975.2,64674.5,64914.0,64845.3,56.0765126,2477
2026-08-07 20:00:00,64914.2,64987.7,64905.1,64930.9,64929.2,24.70359494,1817
2026-08-07 21:00:00,64931.4,65043.6,64901.0,64901.0,64966.3,119.54554527,1595
2026-08-07 22:00:00,64901.1,64913.9,64811.0,64846.4,64865.4,32.90314379,1272
2026-08-07 23:00:00,64846.4,64887.2,64845.1,64886.1,64858.7,8.36703517,876
2026-08-08 00:00:00,64886.2,64921.4,64800.0,64884.6,64863.4,16.28732688,1102
2026-08-08 01:00:00,64886.4,64928.3,64858.2,64877.7,64873.7,36.8007526,853
2026-08-08 02:00:00,64877.8,64923.7,64862.0,64886.4,64878.3,3.56906421,896
2026-08-08 03:00:00,64886.4,65000.0,64874.9,64980.1,64995.1,70.86742508,1053
2026-08-08 04:00:00,64980.1,65000.0,64926.9,64963.0,64973.6,22.19558736,694
2026-08-08 05:00:00,64963.0,64985.0,64950.1,64959.6,64965.4,5.41864665,553
2026-08-08 06:00:00,64959.6,64969.0,64923.2,64965.8,64937.8,11.73603733,652
2026-08-08 07:00:00,64965.8,64967.6,64913.9,64914.0,64943.7,3.53854445,515
2026-08-08 08:00:00,64914.0,64957.9,64913.9,64956.2,64939.2,8.90608502,627
2026-08-08 09:00:00,64956.2,65000.0,64956.1,64957.1,64972.4,4.45192531,570
2026-08-08 10:00:00,64957.1,64980.0,64957.0,64974.5,64964.5,2.53317881,470
2026-08-08 11:00:00,64974.5,64974.5,64908.9,64919.1,64929.6,9.70898425,639
2026-08-08 12:00:00,64919.1,64996.6,64878.2,64963.6,64943.4,6.81438483,904
2026-08-08 13:00:00,64963.7,64981.6,64960.4,64974.3,64967.9,8.34707398,855
2026-08-08 14:00:00,64974.3,65141.9,64974.2,65081.5,65046.1,69.50157315,1507
2026-08-08 15:00:00,65081.6,65109.2,65011.1,65049.9,65066.1,16.21561161,1281
2026-08-08 16:00:00,65049.9,65077.3,64991.5,65036.4,65041.0,23.64483252,1658
2026-08-08 17:00:00,65036.4,65093.3,65032.3,65072.3,65067.2,24.13496092,1412
2026-08-08 18:00:00,65072.3,65082.6,64980.1,64994.4,65043.1,18.49928794,1089
2026-08-08 19:00:00,64994.5,65032.0,64969.1,65032.0,64989.5,5.96298222,830
2026-08-08 20:00:00,65032.0,65032.1,65021.2,65025.5,65025.4,4.85281025,692
2026-08-08 21:00:00,65025.5,65030.7,64959.2,64963.3,64994.0,7.40399782,956
2026-08-08 22:00:00,64963.3,64985.1,64891.9,64893.6,64929.0,19.48883074,1044
2026-08-08 23:00:00,64893.6,64918.0,64885.3,64901.1,64891.9,8.10389416,703
2026-08-09 00:00:00,64901.2,64928.6,64899.6,64925.7,64913.1,2.92661687,670
2026-08-09 01:00:00,64925.7,64953.2,64800.0,64814.2,64866.9,3.47637458,842
2026-08-09 02:00:00,64814.3,64814.3,64736.7,64768.5,64780.2,11.90113295,972
2026-08-09 03:00:00,64768.5,64768.5,64674.2,64730.9,64708.4,10.45968186,900
2026-08-09 04:00:00,64730.9,64767.9,64730.8,64732.9,64749.1,3.89702823,615
2026-08-09 05:00:00,64732.9,64743.9,64730.4,64743.9,64733.9,3.34165501,562
2026-08-09 06:00:00,64743.9,64811.2,64743.9,64811.2,64775.2,7.9008194,490
2026-08-09 07:00:00,64811.2,64811.2,64787.0,64787.1,64792.0,4.28533985,564
2026-08-09 08:00:00,64787.1,64879.1,64750.0,64763.0,64827.4,28.20302221,821
2026-08-09 09:00:00,64763.0,64823.5,64755.8,64823.4,64767.9,2.35343241,644
2026-08-09 10:00:00,64823.5,64926.5,64823.5,64921.3,64881.1,8.42598718,595
2026-08-09 11:00:00,64921.3,64955.1,64900.0,64900.0,64935.6,4.64762745,604
2026-08-09 12:00:00,64900.1,64902.3,64884.8,64899.9,64894.2,4.93625933,632
2026-08-09 13:00:00,64900.0,65196.0,64899.9,65175.1,65091.0,26.37725369,1259
2026-08-09 14:00:00,65175.1,65221.0,65111.1,65198.1,65165.4,34.53220488,1098
2026-08-09 15:00:00,65198.2,65217.2,65152.7,65177.1,65191.4,29.53734249,1474
2026-08-09 16:00:00,65177.1,65200.1,65130.6,65193.5,65183.2,24.98298679,1341
2026-08-09 17:00:00,65193.5,65193.5,65165.0,65165.1,65175.5,22.39261571,857
2026-08-09 18:00:00,65165.1,65165.1,65133.9,65139.3,65145.0,13.38884203,1046
2026-08-09 19:00:00,65139.3,65160.0,65129.9,65141.0,65151.2,8.44066195,878
2026-08-09 20:00:00,65141.0,65141.0,65025.1,65086.8,65072.8,9.08891881,1047
2026-08-09 21:00:00,65086.8,65200.8,65069.4,65151.5,65137.7,192.1019245,1205
2026-08-09 22:00:00,65151.6,65425.5,64935.7,65025.0,65230.0,93.28956904,2043
2026-08-09 23:00:00,65025.1,65040.6,64802.1,64860.0,64889.8,14.92220271,1407
2026-08-10 00:00:00,64860.0,65260.9,64775.8,64914.5,64899.6,46.43553639,2138
2026-08-10 01:00:00,64918.4,65328.8,64844.6,65141.0,65062.1,20.50871611,1543
2026-08-10 02:00:00,65141.1,65160.9,64861.5,65046.1,64993.2,13.19602424,1623
2026-08-10 03:00:00,65046.1,65109.1,64861.4,64917.4,65008.4,6.07266446,1242
2026-08-10 04:00:00,64917.4,65040.3,64879.7,64957.1,64999.8,9.85169259,1168
2026-08-10 05:00:00,64957.1,65102.2,64927.0,65087.0,65010.8,7.65570454,983
2026-08-10 06:00:00,65087.0,65267.4,65084.7,65245.9,65167.7,15.34915578,1120
2026-08-10 07:00:00,65245.9,65298.7,65153.3,65153.7,65214.9,14.48152686,1089
2026-08-10 08:00:00,65153.8,65275.7,65153.8,65199.9,65221.0,39.92542916,1087
2026-08-10 09:00:00,65200.0,65200.0,64911.6,64913.6,64983.7,19.75115763,1136
2026-08-10 10:00:00,64913.6,65019.6,64913.6,64972.6,64969.2,9.91394326,1018
2026-08-10 11:00:00,64972.7,65078.7,64926.4,65071.8,65006.1,21.60496684,881
2026-08-10 12:00:00,65072.0,65180.0,64806.4,64813.8,64926.0,44.76402218,1529
2026-08-10 13:00:00,64813.9,64913.9,64445.5,64510.4,64626.3,126.01906256,3368
2026-08-10 14:00:00,64510.5,64838.0,64493.5,64570.1,64650.4,91.06148015,2839
2026-08-10 15:00:00,64576.4,64657.6,64158.8,64231.7,64414.0,184.75709485,3736
2026-08-10 16:00:00,64231.7,64292.7,63759.2,63831.5,63960.5,188.8469095,4655
2026-08-10 17:00:00,63835.9,63947.6,63757.2,63879.7,63857.8,84.00022946,3080
2026-08-10 18:00:00,63879.7,63940.1,63750.0,63835.9,63850.7,74.83885061,2474
2026-08-10 19:00:00,63835.5,64029.2,63829.5,63975.7,63928.2,61.42689897,2695
2026-08-10 20:00:00,63975.7,64133.7,63960.0,64098.1,64028.7,62.93849547,2324
2026-08-10 21:00:00,64098.1,64098.1,63920.5,63932.1,64018.0,29.24386823,1746
2026-08-10 22:00:00,63932.1,63999.0,63880.0,63956.2,63947.9,11.57628409,1446
2026-08-10 23:00:00,63958.0,63962.5,63867.8,63922.1,63936.6,40.46607781,1170
2026-08-11 00:00:00,63922.1,63989.6,63837.2,63989.2,63911.8,11.72055582,1448
2026-08-11 01:00:00,63989.2,64008.0,63905.0,64008.0,63970.0,8.38163885,959
2026-08-11 02:00:00,64008.0,64027.4,63969.0,63986.2,64001.5,7.58791081,893
2026-08-11 03:00:00,63986.3,64098.1,63986.2,64071.3,64061.6,17.10289166,836
2026-08-11 04:00:00,64071.3,64071.3,63967.3,63972.1,64037.1,12.99105076,901
2026-08-11 05:00:00,63962.2,63981.9,63905.3,63950.8,63951.6,7.18802388,708
2026-08-11 06:00:00,63950.8,63976.1,63797.5,63903.3,63878.7,35.36124065,1153
2026-08-11 07:00:00,63903.3,64024.4,63841.0,64003.4,63964.8,15.42992153,981
2026-08-11 08:00:00,64003.4,64088.0,63992.6,64072.9,64047.0,71.87753235,1029
2026-08-11 09:00:00,64072.9,64248.4,64064.9,64243.0,64158.8,20.25413864,1023
2026-08-11 10:00:00,64243.0,64243.0,64150.1,64167.7,64193.8,17.4150151,924
2026-08-11 11:00:00,64167.7,64339.8,64167.7,64339.5,64294.2,18.56426949,989
2026-08-11 12:00:00,64339.4,64437.6,64237.1,64269.3,64315.2,18.24701308,1461
2026-08-11 13:00:00,64269.3,64314.9,63987.1,64144.7,64122.9,33.17298034,2134
2026-08-11 14:00:00,64144.7,64198.6,63655.0,63708.5,63852.5,54.36321785,2645
2026-08-11 15:00:00,63708.6,63811.3,63405.9,63558.1,63573.7,167.50867523,3639
2026-08-11 16:00:00,63558.1,63598.8,63425.0,63447.0,63503.7,43.96941658,2135
2026-08-11 17:00:00,63447.1,63574.6,63405.0,63544.4,63469.3,61.53332771,2174
2026-08-11 18:00:00,63544.5,63556.3,63191.8,63304.1,63303.5,131.45302691,3043
2026-08-11 19:00:00,63304.1,63478.4,63137.2,63478.4,63298.3,80.40740531,2387
2026-08-11 20:00:00,63477.4,63689.1,63477.3,63682.9,63600.6,71.5600323,3107
2026-08-11 21:00:00,63682.9,63700.7,63570.0,63623.7,63636.4,32.56512614,1613
2026-08-11 22:00:00,63622.1,63708.6,63580.3,63620.5,63651.9,18.12890487,1476
2026-08-11 23:00:00,63620.5,63620.5,63483.5,63541.1,63539.4,35.27972219,1288
2026-08-12 00:00:00,63541.1,63684.1,63479.1,63684.1,63635.3,27.13141775,1588
2026-08-12 01:00:00,63684.1,63796.3,63639.0,63762.0,63717.0,26.71857913,1401
2026-08-12 02:00:00,63764.1,63826.7,63676.6,63681.9,63736.2,22.0153077,1596
2026-08-12 03:00:00,63689.0,63786.0,63644.6,63774.7,63698.2,38.77773519,1479
2026-08-12 04:00:00,63774.7,63825.4,63677.0,63712.6,63741.5,15.19450047,1531
2026-08-12 05:00:00,63712.6,63805.0,63671.2,63790.4,63770.0,4.21947395,921
2026-08-12 06:00:00,63790.4,63790.4,63564.7,63653.4,63637.5,13.59847528,1516
2026-08-12 07:00:00,63653.5,63763.3,63588.3,63763.2,63688.3,11.10916223,1483
2026-08-12 08:00:00,63763.3,63797.0,63708.1,63727.7,63751.7,6.68889502,1067
2026-08-12 09:00:00,63727.8,64034.0,63708.6,64033.9,63962.5,45.41707375,1396
2026-08-12 10:00:00,64034.0,64141.5,64000.2,64083.4,64068.4,18.18182279,1613
2026-08-12 11:00:00,64083.5,64180.0,64054.7,64164.9,64121.4,25.28931294,1497
2026-08-12 12:00:00,64165.0,64409.2,63913.1,64068.7,64161.1,126.44447491,3437
2026-08-12 13:00:00,64067.5,64102.3,63781.0,63781.0,63950.7,66.31552304,3858
2026-08-12 14:00:00,63781.0,63860.2,63307.1,63307.1,63566.9,139.16729856,4461
2026-08-12 15:00:00,63307.2,63485.8,63269.1,63376.2,63415.3,74.73269366,3179
2026-08-12 16:00:00,63373.1,63500.1,63307.0,63421.3,63444.7,57.2189414,2169
2026-08-12 17:00:00,63421.3,63476.7,63340.1,63409.3,63403.2,34.94750269,1534
2026-08-12 18:00:00,63409.3,63456.6,63306.1,63313.7,63358.8,51.45447134,1839
2026-08-12 19:00:00,63312.5,63376.0,63247.4,63352.6,63299.0,39.30083681,2563
2026-08-12 20:00:00,63352.0,63534.9,63351.9,63532.3,63421.5,27.55321752,1919
2026-08-12 21:00:00,63532.3,63574.7,63380.0,63390.8,63477.9,36.46625911,1759
2026-08-12 22:00:00,63390.8,63473.2,63300.0,63365.0,63388.1,19.68718257,1524
2026-08-12 23:00:00,63365.1,63412.0,63319.0,63412.0,63364.0,19.5417731,1028
2026-08-13 00:00:00,63412.5,63628.0,63402.2,63506.6,63533.8,50.25203475,1617
2026-08-13 01:00:00,63492.7,63559.9,63331.4,63438.9,63437.1,38.92647187,1155
